idx,model,e,se,sweep,orca,sfm,linear,static,scenario,dx_lo,dx_hi,dy_lo,dy_hi,spawn_width_x,spawn_width_y,human_count,mix_label,success_rate,success_std,collision_rate,collision_std,timeout_rate,timeout_std,avg_nav_time,nav_time_std,avg_min_dist,min_dist_std,avg_accel,avg_accel_std,avg_min_dist_overall,min_dist_overall_std,avg_path_irregularity,avg_path_irregularity_std,density_x,geometry_x,algorithm
0,RGL,0,0,density,2,3,0,0,passing_crossing,-5.0,5.0,-5,5,10.0,10,5,O2/SF3/L0/S0,0.968,0.17600000000000007,0.032,0.176,0.0,0.0,11.510330578512397,3.129256884796838,1.8918648164059992,0.1855489984613618,1.7265233489048073,0.04627610095147035,0.8993176484002624,0.2600340855762593,2.3887509597149235,1.0070963443119414,0.05,10.0,RGL
1,RGL,0,1,density,5,5,0,0,passing_crossing,-5.0,5.0,-5,5,10.0,10,10,O5/SF5/L0/S0,0.97,0.17058722109231989,0.03,0.1705872210923198,0.0,0.0,10.940721649484535,2.0850391216991198,1.4212842943251334,0.0965302709075527,1.767550435883227,0.07795037694491679,0.7844795069824704,0.118490349389403,2.273618498692371,0.8128753550575818,0.1,10.0,RGL
2,RGL,0,2,density,7,8,0,0,passing_crossing,-5.0,5.0,-5,5,10.0,10,15,O7/SF8/L0/S0,0.952,0.2137662274541983,0.048,0.2137662274541982,0.0,0.0,11.640231092436975,2.4932480564448527,1.1825152416272822,0.14352558006607113,1.9352947068270727,0.04235772863575598,0.7326640096307422,0.07631227458998967,2.555414007053755,0.8410372242321688,0.15,10.0,RGL
3,RGL,0,3,density,10,10,0,0,passing_crossing,-5.0,5.0,-5,5,10.0,10,20,O10/SF10/L0/S0,0.906,0.29182871688714934,0.094,0.2918287168871494,0.0,0.0,12.303532008830022,2.5913825389362093,1.0066264030057446,0.2103542015235179,2.0405084379828295,0.04735053914756569,0.7046064100113035,0.06913971878741275,2.825788279245366,0.848101726263557,0.2,10.0,RGL
4,RGL,0,4,density,12,13,0,0,passing_crossing,-5.0,5.0,-5,5,10.0,10,25,O12/SF13/L0/S0,0.826,0.3791094828674166,0.174,0.3791094828674165,0.0,0.0,13.111380145278451,2.9259945902500184,0.8672270528018813,0.4424456040681358,2.2240003374218613,0.04465372217402404,0.6809057678181966,0.05883730031952581,3.077562036769548,0.853795356519801,0.25,10.0,RGL
5,RGL,0,5,density,15,15,0,0,passing_crossing,-5.0,5.0,-5,5,10.0,10,30,O15/SF15/L0/S0,0.756,0.42949272403615874,0.244,0.42949272403615874,0.0,0.0,13.787698412698413,3.3362686669451262,0.7401510566965491,0.576184891082856,2.257116259493427,0.030990860749439176,0.6656850989259414,0.05252089491394454,3.2672086899977475,0.9173435645862513,0.3,10.0,RGL
6,RGL,0,6,density,17,18,0,0,passing_crossing,-5.0,5.0,-5,5,10.0,10,35,O17/SF18/L0/S0,0.656,0.4750410508577127,0.344,0.4750410508577127,0.0,0.0,14.739329268292684,4.146180894936158,0.607915623414812,0.7848517751105729,2.3203717391262133,0.05679736922897303,0.6548437758362635,0.04409341719478578,3.513962954674933,1.0092414623800614,0.35,10.0,RGL
7,RGL,1,0,geometry,1,2,0,0,passing_crossing,-0.75,0.75,-5,5,1.5,10,3,O1/SF2/L0/S0,0.25,0.4330127018922193,0.75,0.4330127018922193,0.0,0.0,16.926,5.244332560011807,0.40612353661519307,5.99418033807238,2.3228482147942175,0.03556891081724805,0.6363560226461993,0.034751549982158174,5.031308300627112,1.388840294789121,0.03,1.5,RGL
8,RGL,1,1,geometry,2,2,0,0,passing_crossing,-1.0,1.0,-5,5,2.0,10,4,O2/SF2/L0/S0,0.47,0.4990991885387112,0.53,0.4990991885387112,0.0,0.0,14.557446808510639,4.082513028778889,0.690226736712077,2.350460261399849,2.0816013468536396,0.08730031866769712,0.6604380627398758,0.06820793279613843,4.350921648913802,1.4446141765816125,0.04,2.0,RGL
9,RGL,1,2,geometry,2,3,0,0,passing_crossing,-1.25,1.25,-5,5,2.5,10,5,O2/SF3/L0/S0,0.542,0.4982328772772828,0.458,0.4982328772772829,0.0,0.0,14.398523985239853,3.9928253966268903,0.7672502615308028,1.9086530417688206,2.190344883030148,0.05000015923472031,0.6848939002810237,0.07825093872867471,4.185981298260356,1.3558081916765614,0.05,2.5,RGL
10,RGL,1,3,geometry,3,3,0,0,passing_crossing,-1.5,1.5,-5,5,3.0,10,6,O3/SF3/L0/S0,0.654,0.4756931784249171,0.346,0.4756931784249171,0.0,0.0,13.48776758409786,3.4912849427520873,0.8830885120109796,1.1682630575958726,2.003512465101179,0.023155206493795405,0.6928399406478325,0.08208799475096946,3.8536865991914033,1.3078317689280343,0.06,3.0,RGL
11,RGL,1,4,geometry,3,4,0,0,passing_crossing,-1.75,1.75,-5,5,3.5,10,7,O3/SF4/L0/S0,0.7,0.45825756949558405,0.3,0.458257569495584,0.0,0.0,13.395714285714286,3.3002461256391036,0.9326109254122438,0.9566681588547673,2.0708567381127927,0.10362980541355869,0.710406346209718,0.08340280892170972,3.6728639261090303,1.2512839143450074,0.07,3.5,RGL
12,RGL,1,5,geometry,4,4,0,0,passing_crossing,-2.0,2.0,-5,5,4.0,10,8,O4/SF4/L0/S0,0.782,0.4128873938497033,0.218,0.4128873938497033,0.0,0.0,12.737212276214834,2.8965810436897135,1.0194474764591983,0.6507285111063155,1.9850292178830746,0.08928502329447556,0.7231602711544454,0.09951856904259085,3.301094576307443,1.1173453170800216,0.08,4.0,RGL
13,RGL,1,6,geometry,4,5,0,0,passing_crossing,-2.25,2.25,-5,5,4.5,10,9,O4/SF5/L0/S0,0.824,0.380820167533181,0.176,0.380820167533181,0.0,0.0,12.967233009708737,2.951697572136577,1.0500630206450554,0.5186380687674886,2.0389658523688174,0.04724352377479963,0.7234343152873874,0.09170576169755844,3.293108208878129,1.102134514917745,0.09,4.5,RGL
14,RGL,2,0,directionality,7,8,0,0,passing,-5.0,5.0,-5,5,10.0,10,15,O7/SF8/L0/S0,0.978,0.1466833323864713,0.022,0.14668333238647122,0.0,0.0,9.19478527607362,1.4153946189345028,1.391216585160296,0.05963849271569321,1.291656843432011,0.061930563996526154,0.8442592425803062,0.1432930638073535,1.4446139001983087,0.6636941467431148,0.15,10.0,RGL
15,RGL,2,1,directionality,7,8,0,0,crossing,-5.0,5.0,-5,5,10.0,10,15,O7/SF8/L0/S0,0.896,0.3052605444534226,0.104,0.3052605444534226,0.0,0.0,13.732700892857142,2.948990986609887,1.0683725533507147,0.2647308672865183,2.2108392447405647,0.028242288765245423,0.7132071648540135,0.07936271461896985,3.285461436036125,0.775717471957667,0.15,10.0,RGL
16,RGL,2,2,directionality,7,8,0,0,passing_crossing,-5.0,5.0,-5,5,10.0,10,15,O7/SF8/L0/S0,0.916,0.2773878151613729,0.084,0.27738781516137295,0.0,0.0,11.571506550218341,2.4175692710009566,1.1230057815722703,0.22086166089908635,1.9704296428446153,0.03362726086488724,0.7359625700083524,0.08698111175653858,2.532049662546501,0.855537518768238,0.15,10.0,RGL
17,RGL,2,3,directionality,7,8,0,0,random,-5.0,5.0,-5,5,10.0,10,15,O7/SF8/L0/S0,0.936,0.24475293665245357,0.064,0.24475293665245368,0.0,0.0,12.168803418803419,2.5359759875083756,1.1361954059341934,0.15758761239075517,2.058527567954614,0.047453357892988414,0.7192835548535546,0.07895779023450586,2.76278230370806,0.818778311975337,0.15,10.0,RGL
18,RGL,2,4,directionality,7,8,0,0,circle_crossing,-5.0,5.0,-6,6,10.0,12,15,O7/SF8/L0/S0,0.664,0.47233886141201636,0.336,0.47233886141201636,0.0,0.0,13.225150602409638,2.8598579733828244,0.7418688067690031,0.9689638372826548,2.063734134039359,0.07698624422510707,0.7071345940630341,0.08715769744405122,3.0852395105458688,0.822016899758764,0.15,10.0,RGL
19,RGL,3,0,policy_mixture,0,15,0,0,passing_crossing,-5.0,5.0,-5,5,10.0,10,15,O0/SF15/L0/S0,0.912,0.2832948993540123,0.088,0.28329489935401236,0.0,0.0,14.46546052631579,3.5288266225156426,1.1569910515858128,0.2564072317541999,2.525624166920837,0.045885418185378876,0.7140315095183242,0.08039677695259366,3.315719198740432,0.8439172954790325,0.15,10.0,RGL
20,RGL,3,1,policy_mixture,15,0,0,0,passing_crossing,-5.0,5.0,-5,5,10.0,10,15,O15/SF0/L0/S0,0.982,0.1329511188369621,0.018,0.132951118836962,0.0,0.0,9.535641547861507,1.7808246979165643,1.1605613121265348,0.044710783669879406,1.2088915997823921,0.028067860632542657,0.7668157760661225,0.0846255964528057,1.6614071864907218,0.8276285808189829,0.15,10.0,RGL
21,RGL,3,2,policy_mixture,7,8,0,0,passing_crossing,-5.0,5.0,-5,5,10.0,10,15,O7/SF8/L0/S0,0.938,0.24115555146004838,0.062,0.2411555514600483,0.0,0.0,11.805970149253731,2.606103743916505,1.1230532216639417,0.145940188993564,2.0193931514046826,0.046025580482197265,0.7318126153244626,0.08502114395119272,2.6156299333722632,0.8714457583424143,0.15,10.0,RGL
22,RGL,3,3,policy_mixture,5,5,2,3,passing_crossing,-5.0,5.0,-5,5,10.0,10,15,O5/SF5/L2/S3,0.91,0.28618176042508364,0.078,0.2681715868618449,0.012,0.10888526071052959,11.768131868131869,2.979568857404942,1.1470792081753305,0.20928138046243233,1.9286881228702308,0.06067647450972464,0.7367154116975223,0.08947474365122288,2.586334723760895,0.8923982305830561,0.1,10.0,RGL
23,RGL,3,4,policy_mixture,4,4,4,3,passing_crossing,-5.0,5.0,-5,5,10.0,10,15,O4/SF4/L4/S3,0.896,0.3052605444534226,0.09,0.2861817604250837,0.014,0.11749042514179613,12.5,3.680721675646154,1.1533280086919047,0.24571434539353385,2.101825802712308,0.07130423338782917,0.7249128797937782,0.08598725394096779,2.768614667626527,0.9902214384103775,0.08,10.0,RGL
0,MPC-SGAN,0,0,density,2,3,0,0,passing_crossing,-5.0,5.0,-5,5,10.0,10,5,O2/SF3/L0/S0,0.908,0.28902595039200196,0.002,0.044676615807377355,0.09,0.2861817604250837,10.551762114537445,5.202699356621796,1.9245799434652804,0.06049295669692981,2.5710331458276157,0.2701809833393736,1.446145532405795,0.32079232381198725,1.873212641899482,1.3188667046024465,0.05,10.0,MPC-SGAN
1,MPC-SGAN,0,1,density,5,5,0,0,passing_crossing,-5.0,5.0,-5,5,10.0,10,10,O5/SF5/L0/S0,0.898,0.3026483107502832,0.034,0.18122913673027302,0.068,0.251745903640953,12.232182628062361,5.2330929292193185,1.521897425131362,0.1445476150098329,2.2051037963948112,0.23742232128587612,1.1076100905209207,0.2087108406655658,2.554196072729055,1.3106493895364446,0.1,10.0,MPC-SGAN
2,MPC-SGAN,0,2,density,7,8,0,0,passing_crossing,-5.0,5.0,-5,5,10.0,10,15,O7/SF8/L0/S0,0.862,0.34489998550304407,0.088,0.28329489935401236,0.05,0.21794494717703367,13.12645011600928,5.38648055609173,1.244905537936635,0.2653553808418153,2.547763479186751,0.15528383282766017,0.9196144941165558,0.1567954469533345,2.8439227097005753,1.2044266905292513,0.15,10.0,MPC-SGAN
3,MPC-SGAN,0,3,density,10,10,0,0,passing_crossing,-5.0,5.0,-5,5,10.0,10,20,O10/SF10/L0/S0,0.744,0.4364218143035474,0.216,0.4115142767875739,0.04,0.19595917942265423,13.519489247311828,5.501568985141558,0.9715881392438125,0.6970619990116577,2.3951891737,0.19748357055794463,0.8047665288875533,0.14372958270342953,2.920571880133499,1.1825865630975492,0.2,10.0,MPC-SGAN
4,MPC-SGAN,0,4,density,12,13,0,0,passing_crossing,-5.0,5.0,-5,5,10.0,10,25,O12/SF13/L0/S0,0.542,0.4982328772772828,0.442,0.49662460672020675,0.016,0.125475097130865,13.632841328413285,5.797344064303549,0.6437164444144015,1.6229157950705073,2.314056836087149,0.17675612136880964,0.7346990293065867,0.10628223503438755,2.969925891295907,1.238008325446849,0.25,10.0,MPC-SGAN
5,MPC-SGAN,0,5,density,15,15,0,0,passing_crossing,-5.0,5.0,-5,5,10.0,10,30,O15/SF15/L0/S0,0.344,0.4750410508577127,0.634,0.48170945600019105,0.022,0.14668333238647122,12.861918604651162,4.84912367224467,0.37708467537086165,2.803421492857262,2.7007952573711975,0.14003331329347507,0.7017982798903868,0.09420950468271055,2.8072955111469864,1.1131007856644735,0.3,10.0,MPC-SGAN
6,MPC-SGAN,0,6,density,17,18,0,0,passing_crossing,-5.0,5.0,-5,5,10.0,10,35,O17/SF18/L0/S0,0.2,0.4,0.794,0.4044304637388237,0.006,0.0772269383052313,13.2,5.5281099844341,0.21275820398441828,4.828767680578969,2.5817126131167885,0.13946073096445363,0.6804208476955627,0.07838708202123869,2.8186376961935475,1.140299586698987,0.35,10.0,MPC-SGAN
7,MPC-SGAN,1,0,geometry,1,2,0,0,passing_crossing,-0.75,0.75,-5,5,1.5,10,3,O1/SF2/L0/S0,0.008,0.08908422980528036,0.11,0.31288975694324034,0.882,0.32260812141048156,33.5,9.12585612422199,0.09466702952618022,84.84146902439112,1.0478628642598093,0.01893501652709456,0.6618417876034923,0.03896030859642847,13.262868138070932,3.2985198024652305,0.03,1.5,MPC-SGAN
8,MPC-SGAN,1,1,geometry,2,2,0,0,passing_crossing,-1.0,1.0,-5,5,2.0,10,4,O2/SF2/L0/S0,0.146,0.35310621631458144,0.294,0.4555919226676434,0.56,0.4963869458396342,28.21917808219178,10.270397779897712,0.4232804026357923,5.702737306593672,1.1455950120965679,0.07243710232305668,0.7126670146889648,0.11468450535375567,11.99596763363851,3.9095228935635338,0.04,2.0,MPC-SGAN
9,MPC-SGAN,1,2,geometry,2,3,0,0,passing_crossing,-1.25,1.25,-5,5,2.5,10,5,O2/SF3/L0/S0,0.174,0.3791094828674165,0.296,0.45649096376598736,0.53,0.4990991885387112,21.695402298850574,10.237722201380462,0.47279887615516664,38.189048849918805,1.633724022870951,0.287464765256662,0.7313946386493161,0.1418726765406554,9.181628180879745,4.003004795819713,0.05,2.5,MPC-SGAN
10,MPC-SGAN,1,3,geometry,3,3,0,0,passing_crossing,-1.5,1.5,-5,5,3.0,10,6,O3/SF3/L0/S0,0.308,0.46166654632970755,0.358,0.4794121400215059,0.334,0.47163969298607594,19.31331168831169,8.64574071663117,0.5939406583775564,2.073578890243394,1.980180124336927,0.1574365022573259,0.7306844005900526,0.13399045373066287,7.633307203657218,3.2410839819589956,0.06,3.0,MPC-SGAN
11,MPC-SGAN,1,4,geometry,3,4,0,0,passing_crossing,-1.75,1.75,-5,5,3.5,10,7,O3/SF4/L0/S0,0.28,0.44899888641287294,0.36,0.48,0.36,0.48,17.414285714285715,7.859580790607195,0.5263180200141568,2.267336321063578,2.437343869569944,0.3786042234121497,0.749407416737783,0.16099091404587854,6.534726926686902,3.0605664327002926,0.07,3.5,MPC-SGAN
12,MPC-SGAN,1,5,geometry,4,4,0,0,passing_crossing,-2.0,2.0,-5,5,4.0,10,8,O4/SF4/L0/S0,0.378,0.48488761584515644,0.356,0.47881520443695186,0.266,0.44186423254207846,16.674603174603174,7.8934247284089984,0.6572364213194198,1.8766625545536402,2.489663673471596,0.270938859109821,0.7582437054391703,0.1545555914090497,5.450823436282892,2.7148188038690115,0.08,4.0,MPC-SGAN
13,MPC-SGAN,1,6,geometry,4,5,0,0,passing_crossing,-2.25,2.25,-5,5,4.5,10,9,O4/SF5/L0/S0,0.414,0.4925484747717731,0.342,0.47437959483940706,0.244,0.42949272403615874,16.29951690821256,7.465275475886576,0.6917019196357723,1.6888111607479563,2.760239951993325,0.16627168065760742,0.8189737655280352,0.20319287487232515,4.8139547019650895,2.0852204992425634,0.09,4.5,MPC-SGAN
14,MPC-SGAN,2,0,directionality,7,8,0,0,passing,-5.0,5.0,-5,5,10.0,10,15,O7/SF8/L0/S0,0.876,0.3295815528818323,0.068,0.251745903640953,0.056,0.22992172581119863,12.33390410958904,6.33411056705964,1.336033312171866,0.23014501750105595,2.692961839261581,0.2699289704814902,0.966330589703438,0.1967517970045226,2.3949548003151664,1.3694619992397643,0.15,10.0,MPC-SGAN
15,MPC-SGAN,2,1,directionality,7,8,0,0,crossing,-5.0,5.0,-5,5,10.0,10,15,O7/SF8/L0/S0,0.826,0.3791094828674166,0.136,0.3427885645700568,0.038,0.19119623427254,13.444309927360775,5.392487404489416,1.161718367153362,0.4030101163343824,2.139312298610409,0.20063358095429798,0.8924034276117105,0.15009869668321132,3.060122832147949,1.119553582278311,0.15,10.0,MPC-SGAN
16,MPC-SGAN,2,2,directionality,7,8,0,0,passing_crossing,-5.0,5.0,-5,5,10.0,10,15,O7/SF8/L0/S0,0.836,0.37027557305336795,0.098,0.2973146481423342,0.066,0.24828209762284512,13.016148325358852,6.390937905950308,1.214763973647678,0.29891604374378117,2.706410324232246,0.1746241740526019,0.9357859507695393,0.18241830227779382,2.6975160404902927,1.3208342992066504,0.15,10.0,MPC-SGAN
17,MPC-SGAN,2,3,directionality,7,8,0,0,random,-5.0,5.0,-5,5,10.0,10,15,O7/SF8/L0/S0,0.844,0.3628553430776513,0.096,0.2945912422323515,0.06,0.23748684174075832,13.41824644549763,6.026733394506423,1.2385514653388057,0.30644250182964133,2.4926155405684054,0.12746732690893864,0.9204967084387885,0.17117836220386914,2.840633311433522,1.2690400320461734,0.15,10.0,MPC-SGAN
18,MPC-SGAN,2,4,directionality,7,8,0,0,circle_crossing,-5.0,5.0,-6,6,10.0,12,15,O7/SF8/L0/S0,0.938,0.24115555146004838,0.016,0.125475097130865,0.046,0.2094850830011531,9.616737739872068,2.9623332260748585,1.4690496941011635,0.0504661802483074,1.909648370244516,0.36489179189313037,0.9179389129724991,0.14922136296194044,1.5522119538940804,0.8500478487083611,0.15,10.0,MPC-SGAN
19,MPC-SGAN,3,0,policy_mixture,0,15,0,0,passing_crossing,-5.0,5.0,-5,5,10.0,10,15,O0/SF15/L0/S0,0.51,0.4998999899979995,0.072,0.2584879107424562,0.418,0.4932301693935601,9.919607843137255,2.8246824987530936,1.2499882725661018,0.41945941941066106,5.033220463428141,0.43359951336020514,1.0324886439919863,0.21331331101475426,1.991887144331352,1.0506105090710793,0.15,10.0,MPC-SGAN
20,MPC-SGAN,3,1,policy_mixture,15,0,0,0,passing_crossing,-5.0,5.0,-5,5,10.0,10,15,O15/SF0/L0/S0,0.918,0.2743647207641682,0.082,0.27436472076416824,0.0,0.0,12.969498910675382,4.2769899074348405,1.2830018773001448,1.599036246448735,1.5255364091858876,0.12594730444343466,0.8855182963081397,0.1546558467634885,2.8469635034047136,1.0765428786107045,0.15,10.0,MPC-SGAN
21,MPC-SGAN,3,2,policy_mixture,7,8,0,0,passing_crossing,-5.0,5.0,-5,5,10.0,10,15,O7/SF8/L0/S0,0.838,0.368450810828257,0.106,0.3078376195334157,0.056,0.22992172581119863,13.545346062052506,6.261960093451835,1.2277542236254764,0.3360048384426186,2.510219598292234,0.16804824537957475,0.9184063787584723,0.16544823439019143,2.884975568853267,1.3447106675548797,0.15,10.0,MPC-SGAN
22,MPC-SGAN,3,3,policy_mixture,5,5,2,3,passing_crossing,-5.0,5.0,-5,5,10.0,10,15,O5/SF5/L2/S3,0.776,0.4169220550654522,0.192,0.3938730760029175,0.032,0.176,12.889175257731958,5.555480375844935,1.0764068515311758,0.5720569060723976,2.3108797266025847,0.2495058749603785,0.8921162526532397,0.16715496680361444,2.7587927294912284,1.219623886589249,0.1,10.0,MPC-SGAN
0,MPC-CV,0,0,density,2,3,0,0,passing_crossing,-5.0,5.0,-5,5,10.0,10,5,O2/SF3/L0/S0,1.0,0.0,0.0,0.0,0.0,0.0,10.5605,2.5071327747050005,2.0212563004959514,0.01952331699007792,0.9179752903005951,0.027786189677640072,1.3191197605303273,0.2328500769231814,2.0414927542802244,0.966627676568087,0.05,10.0,MPC-CV
1,MPC-CV,0,1,density,5,5,0,0,passing_crossing,-5.0,5.0,-5,5,10.0,10,10,O5/SF5/L0/S0,0.998,0.04467661580737737,0.002,0.044676615807377355,0.0,0.0,12.11623246492986,3.165407816911252,1.6082913245400252,0.015135433224456209,1.1731460495140211,0.034683581520554244,1.0343247076377526,0.15263079705171045,2.6642274187523953,0.9549997096527189,0.1,10.0,MPC-CV
2,MPC-CV,0,2,density,7,8,0,0,passing_crossing,-5.0,5.0,-5,5,10.0,10,15,O7/SF8/L0/S0,0.946,0.22601769842204847,0.054,0.22601769842204836,0.0,0.0,13.611522198731501,4.381558437648697,1.3317086385415762,0.2536203250173767,1.3476227965122431,0.039275694283424305,0.8569582204159403,0.13598246657370577,3.0340648563387433,0.9493887847596268,0.15,10.0,MPC-CV
3,MPC-CV,0,3,density,10,10,0,0,passing_crossing,-5.0,5.0,-5,5,10.0,10,20,O10/SF10/L0/S0,0.798,0.40149221661197865,0.202,0.4014922166119787,0.0,0.0,13.87907268170426,3.6863572761126155,1.0171625901465988,0.5900804863044523,1.4972380758523511,0.0823968332463478,0.7773874603002948,0.10802295236780676,3.1557179451732567,0.8623006308291646,0.2,10.0,MPC-CV
4,MPC-CV,0,4,density,12,13,0,0,passing_crossing,-5.0,5.0,-5,5,10.0,10,25,O12/SF13/L0/S0,0.512,0.4998559792580259,0.488,0.4998559792580259,0.0,0.0,14.650390625,4.399023311760477,0.589572606694555,1.5900854987703628,1.6885480901982317,0.0653756060250861,0.7099863661380909,0.08418201319236168,3.2820734163914147,0.9019538577277314,0.25,10.0,MPC-CV
5,MPC-CV,0,5,density,15,15,0,0,passing_crossing,-5.0,5.0,-5,5,10.0,10,30,O15/SF15/L0/S0,0.306,0.4608296865437382,0.694,0.46082968654373824,0.0,0.0,13.833333333333334,3.420789000453097,0.3449889236212113,4.108596858037947,1.8741619239222995,0.0740438237537805,0.6834605305664724,0.07285553758237356,3.1856824643457964,0.769867305163106,0.3,10.0,MPC-CV
6,MPC-CV,0,6,density,17,18,0,0,passing_crossing,-5.0,5.0,-5,5,10.0,10,35,O17/SF18/L0/S0,0.152,0.35902089075707,0.848,0.35902089075707005,0.0,0.0,13.302631578947368,3.0047429036271147,0.13916224640228958,6.012313183805852,2.0997221830883945,0.14237049212671296,0.6617245970698047,0.0581599306111499,3.116073319258503,0.791795511098593,0.35,10.0,MPC-CV
7,MPC-CV,1,0,geometry,1,2,0,0,passing_crossing,-0.75,0.75,-5,5,1.5,10,3,O1/SF2/L0/S0,0.154,0.3609487498246808,0.81,0.39230090491866054,0.036,0.18629009635512028,22.204545454545453,7.739438475126703,0.20639292072212206,7.869153508186071,0.9225534765444271,0.019340590679267692,0.6809292795456742,0.057713628597495,7.303424960597073,1.7374929430937451,0.03,1.5,MPC-CV
8,MPC-CV,1,1,geometry,2,2,0,0,passing_crossing,-1.0,1.0,-5,5,2.0,10,4,O2/SF2/L0/S0,0.338,0.4730285403651665,0.646,0.47820915925983687,0.016,0.125475097130865,21.642011834319526,8.483003095287238,0.4664739362540578,3.499841502387337,0.7849982552013884,0.006988182867292252,0.6830766562311872,0.08597943232602788,7.641843840039737,2.1102461844586493,0.04,2.0,MPC-CV
9,MPC-CV,1,2,geometry,2,3,0,0,passing_crossing,-1.25,1.25,-5,5,2.5,10,5,O2/SF3/L0/S0,0.404,0.49069746280167376,0.596,0.49069746280167376,0.0,0.0,17.38118811881188,6.926916403826556,0.5746815707729824,3.387784312101362,0.8071934944035889,0.03558322250612935,0.7181473860018261,0.10932691502025071,6.3534845184410695,2.0981520596658716,0.05,2.5,MPC-CV
10,MPC-CV,1,3,geometry,3,3,0,0,passing_crossing,-1.5,1.5,-5,5,3.0,10,6,O3/SF3/L0/S0,0.518,0.4996758949559204,0.48,0.49959983987187184,0.002,0.044676615807377355,15.964285714285714,5.8417374388505126,0.6663115039249241,1.8690031495363735,0.836243638617054,0.030968292354217584,0.7332889621741532,0.13787127438169733,5.761072721019038,2.078019618822697,0.06,3.0,MPC-CV
11,MPC-CV,1,4,geometry,3,4,0,0,passing_crossing,-1.75,1.75,-5,5,3.5,10,7,O3/SF4/L0/S0,0.606,0.48863483297857513,0.394,0.48863483297857513,0.0,0.0,15.502475247524753,5.56448416047342,0.8481359478177606,1.484655732021558,0.9771047048196311,0.10075151466471582,0.7553748642753533,0.14701040775673557,5.273599115584445,1.8029954510013588,0.07,3.5,MPC-CV
12,MPC-CV,1,5,geometry,4,4,0,0,passing_crossing,-2.0,2.0,-5,5,4.0,10,8,O4/SF4/L0/S0,0.64,0.48,0.358,0.4794121400215059,0.002,0.044676615807377355,14.58984375,4.476188561498045,0.833515814336125,1.1692715879791833,1.0460217952996231,0.041961695886634676,0.7838664683722177,0.16065086950224203,4.749490282586909,1.5906773616734353,0.08,4.0,MPC-CV
13,MPC-CV,1,6,geometry,4,5,0,0,passing_crossing,-2.25,2.25,-5,5,4.5,10,9,O4/SF5/L0/S0,0.674,0.4687472666586974,0.326,0.4687472666586974,0.0,0.0,14.357566765578635,4.237186375655532,0.939753473228679,1.1882866426859968,1.1293801546672897,0.039237735979638304,0.8299192486360754,0.17344548716214386,4.354058334657854,1.5648512649796216,0.09,4.5,MPC-CV
14,MPC-CV,2,0,directionality,7,8,0,0,passing,-5.0,5.0,-5,5,10.0,10,15,O7/SF8/L0/S0,0.978,0.1466833323864713,0.022,0.14668333238647122,0.0,0.0,10.604294478527608,3.1914638773067088,1.520939938612314,0.08187674017987827,1.336794354325669,0.07021975884587252,0.9843636423347761,0.1905485602872747,1.8701226848972765,1.0336012667870154,0.15,10.0,MPC-CV
15,MPC-CV,2,1,directionality,7,8,0,0,crossing,-5.0,5.0,-5,5,10.0,10,15,O7/SF8/L0/S0,0.932,0.25174590364095295,0.068,0.251745903640953,0.0,0.0,14.454399141630901,3.7745529484771603,1.279014084506548,0.19701280336102095,1.3628997396724951,0.04160115960470749,0.8409142608262371,0.12723796949547778,3.47857546640571,0.8674068918088051,0.15,10.0,MPC-CV
16,MPC-CV,2,2,directionality,7,8,0,0,passing_crossing,-5.0,5.0,-5,5,10.0,10,15,O7/SF8/L0/S0,0.952,0.2137662274541983,0.048,0.2137662274541982,0.0,0.0,13.409663865546218,3.8956627321044803,1.3118968382872565,0.1271791619736616,1.4266809298432357,0.047097220722755,0.8573431390554006,0.13546547645127585,2.984855428758992,0.9474854395435367,0.15,10.0,MPC-CV
17,MPC-CV,2,3,directionality,7,8,0,0,random,-5.0,5.0,-5,5,10.0,10,15,O7/SF8/L0/S0,0.934,0.24828209762284503,0.066,0.24828209762284512,0.0,0.0,13.238758029978587,3.567415429583734,1.2771151891933006,0.1845271943328446,1.3956848166047375,0.056125715401523946,0.8589813114757182,0.13214888109199374,3.025365813101561,0.9035778786833516,0.15,10.0,MPC-CV
18,MPC-CV,2,4,directionality,7,8,0,0,circle_crossing,-5.0,5.0,-6,6,10.0,12,15,O7/SF8/L0/S0,0.91,0.28618176042508364,0.09,0.2861817604250837,0.0,0.0,14.183516483516483,3.012401609765786,1.2509764332601203,0.24310480677921864,1.4690816460940173,0.060022938929484716,0.8660135834867879,0.11761984708039094,3.2928923397653467,0.6175426746291433,0.15,10.0,MPC-CV
19,MPC-CV,3,0,policy_mixture,0,15,0,0,passing_crossing,-5.0,5.0,-5,5,10.0,10,15,O0/SF15/L0/S0,0.912,0.2832948993540123,0.088,0.28329489935401236,0.0,0.0,13.190241228070175,3.230053185654983,1.2980982193207748,0.26117081150758736,1.258962636118775,0.024196424687250324,0.8364772776168966,0.1292642304440196,3.027343606029834,0.8101871273162983,0.15,10.0,MPC-CV
20,MPC-CV,3,1,policy_mixture,15,0,0,0,passing_crossing,-5.0,5.0,-5,5,10.0,10,15,O15/SF0/L0/S0,0.978,0.1466833323864713,0.022,0.14668333238647122,0.0,0.0,13.882924335378323,4.810304404357122,1.3616656876302835,0.06383558177328927,1.8487543706465928,0.11880365800411455,0.894221631142194,0.13748476217465563,3.0510105803734344,1.0437921766991083,0.15,10.0,MPC-CV
21,MPC-CV,3,2,policy_mixture,7,8,0,0,passing_crossing,-5.0,5.0,-5,5,10.0,10,15,O7/SF8/L0/S0,0.936,0.24475293665245357,0.064,0.24475293665245368,0.0,0.0,13.76923076923077,3.978293647841366,1.2849476540553266,0.17681639126034035,1.4346867172679958,0.025591289177610235,0.8547430580730113,0.12666059378705827,3.124396540620666,0.9710743284666734,0.15,10.0,MPC-CV
22,MPC-CV,3,3,policy_mixture,5,5,2,3,passing_crossing,-5.0,5.0,-5,5,10.0,10,15,O5/SF5/L2/S3,0.778,0.41559114523772034,0.106,0.3078376195334157,0.116,0.32022492095400695,15.947943444730077,6.585459240291589,1.3157172725744333,0.39930993867823067,2.4205326528014672,0.18424886921973074,0.8659348187892775,0.1371542692453819,3.519102914517573,1.2039186592179132,0.1,10.0,MPC-CV
23,MPC-CV,3,4,policy_mixture,4,4,4,3,passing_crossing,-5.0,5.0,-5,5,10.0,10,15,O4/SF4/L4/S3,0.74,0.4386342439892262,0.156,0.36285534307765127,0.104,0.3052605444534226,14.708108108108108,6.298482373122025,1.2327005184478004,0.6015090774372639,2.207981880228223,0.11207992688041163,0.8634348114878699,0.14588651974047034,3.207470895920009,1.1822259433716509,0.08,10.0,MPC-CV
0,RP,0,0,density,2,3,0,0,passing_crossing,-5.0,5.0,-5,5,10.0,10,5,O2/SF3/L0/S0,0.908,0.28902595039200196,0.092,0.289025950392002,0.0,0.0,7.875,0.2224649158103808,1.5889758121477353,0.3447024770872585,0.19022830203173005,0.0198897594839205,0.8218067201241284,0.31307329590775473,0.17182965395066802,0.27090439567989677,0.05,10.0,RP
1,RP,0,1,density,5,5,0,0,passing_crossing,-5.0,5.0,-5,5,10.0,10,10,O5/SF5/L0/S0,0.828,0.3773804446443933,0.172,0.3773804446443933,0.0,0.0,7.978864734299517,0.32088181047320635,1.1074535797107168,0.523730093450233,0.3644684484629637,0.040631248876139545,0.6759622323912936,0.11818028817646153,0.28977920709295957,0.34145979732942566,0.1,10.0,RP
2,RP,0,2,density,7,8,0,0,passing_crossing,-5.0,5.0,-5,5,10.0,10,15,O7/SF8/L0/S0,0.69,0.4624932431938871,0.31,0.46249324319388707,0.0,0.0,8.090579710144928,0.5060700646283666,0.7800960730674974,0.8923691871397286,0.4601521261132405,0.039101926301339116,0.6396360583860977,0.06406241108752024,0.41521567932046555,0.4403043554474124,0.15,10.0,RP
3,RP,0,3,density,10,10,0,0,passing_crossing,-5.0,5.0,-5,5,10.0,10,20,O10/SF10/L0/S0,0.542,0.4982328772772828,0.458,0.4982328772772829,0.0,0.0,8.16789667896679,0.4840088632769739,0.5342023902283148,1.3651844210265018,0.5213468926342133,0.03181403038191187,0.6248598231466418,0.02495306277472226,0.4834376320569561,0.4246390918121784,0.2,10.0,RP
4,RP,0,4,density,12,13,0,0,passing_crossing,-5.0,5.0,-5,5,10.0,10,25,O12/SF13/L0/S0,0.366,0.48170945600019105,0.634,0.48170945600019105,0.0,0.0,8.325136612021858,0.6035159804961292,0.34962591209720717,2.389507386193276,0.6962963696628847,0.050955130608277846,0.6212945374870819,0.02523911798684732,0.6074551028662526,0.47588873359168804,0.25,10.0,RP
5,RP,0,5,density,15,15,0,0,passing_crossing,-5.0,5.0,-5,5,10.0,10,30,O15/SF15/L0/S0,0.306,0.4608296865437382,0.694,0.46082968654373824,0.0,0.0,8.272875816993464,0.43288011473028853,0.26931535790522865,2.5281651873448614,0.7038859661541242,0.026024963055678307,0.615372185523443,0.012814769910399272,0.601401014777998,0.3804772428166388,0.3,10.0,RP
6,RP,0,6,density,17,18,0,0,passing_crossing,-5.0,5.0,-5,5,10.0,10,35,O17/SF18/L0/S0,0.17,0.375632799419859,0.83,0.375632799419859,0.0,0.0,8.402941176470588,0.5531914327298236,0.14041377624083473,4.413509915932558,0.7853873589792437,0.03363839894393095,0.6144990374453544,0.013876177145304081,0.7162921202185069,0.4302261519869619,0.35,10.0,RP
7,RP,1,0,geometry,1,2,0,0,passing_crossing,-0.75,0.75,-5,5,1.5,10,3,O1/SF2/L0/S0,0.164,0.37027557305336795,0.836,0.37027557305336795,0.0,0.0,8.289634146341463,0.30108926284389637,0.23778402112862657,11.3875803034163,0.6239539013811702,0.017371486656464413,0.6152378011958873,0.013299692932119755,0.6918083904111815,0.22580793078120448,0.03,1.5,RP
8,RP,1,1,geometry,2,2,0,0,passing_crossing,-1.0,1.0,-5,5,2.0,10,4,O2/SF2/L0/S0,0.35,0.47696960070847283,0.65,0.47696960070847283,0.0,0.0,8.134285714285713,0.2850492259671827,0.4184214316629158,2.746261741146778,0.5602946820329149,0.02600922360236441,0.6210468108971403,0.013901132589262028,0.4517949695557203,0.2701269179489509,0.04,2.0,RP
9,RP,1,2,geometry,2,3,0,0,passing_crossing,-1.25,1.25,-5,5,2.5,10,5,O2/SF3/L0/S0,0.466,0.49884266056543325,0.534,0.4988426605654332,0.0,0.0,8.13733905579399,0.30974965812152944,0.5042620122166899,1.8917201678397413,0.6052428619561081,0.02040682269075201,0.6247133971932489,0.022967813821404524,0.47971225726898975,0.2847921774294542,0.05,2.5,RP
10,RP,1,3,geometry,3,3,0,0,passing_crossing,-1.5,1.5,-5,5,3.0,10,6,O3/SF3/L0/S0,0.546,0.49787950349457044,0.454,0.4978795034945705,0.0,0.0,8.1492673992674,0.3341374192521965,0.5614234247181098,1.288319847150322,0.5734616871723212,0.05513879777922562,0.6252898922195603,0.025410460823673823,0.4778998537566265,0.3155684793064022,0.06,3.0,RP
11,RP,1,4,geometry,3,4,0,0,passing_crossing,-1.75,1.75,-5,5,3.5,10,7,O3/SF4/L0/S0,0.564,0.49588708392132985,0.436,0.49588708392132985,0.0,0.0,8.157801418439716,0.3602739150961351,0.5651250244098995,1.2305469606583632,0.5966366010314879,0.042276314472983696,0.6279927847118635,0.02913961105138929,0.48726094594162805,0.33745231481284316,0.07,3.5,RP
12,RP,1,5,geometry,4,4,0,0,passing_crossing,-2.0,2.0,-5,5,4.0,10,8,O4/SF4/L0/S0,0.548,0.4976906669810074,0.452,0.4976906669810074,0.0,0.0,8.091240875912408,0.3151814336844397,0.5473925023219003,1.3960082540080412,0.5503328955297396,0.04015680783992885,0.6274449923190355,0.0348612864440859,0.4352802254847518,0.31025247555610347,0.08,4.0,RP
13,RP,1,6,geometry,4,5,0,0,passing_crossing,-2.25,2.25,-5,5,4.5,10,9,O4/SF5/L0/S0,0.58,0.4935585071701227,0.42,0.4935585071701227,0.0,0.0,8.152586206896551,0.4201213303601029,0.5767812453138148,1.0817245573646914,0.5530759713832583,0.016868379220704298,0.6264565459893022,0.028478014658003505,0.4769938103923886,0.3783250516376661,0.09,4.5,RP
14,RP,2,0,directionality,7,8,0,0,passing,-5.0,5.0,-5,5,10.0,10,15,O7/SF8/L0/S0,0.942,0.23374344910606595,0.058,0.23374344910606584,0.0,0.0,7.816348195329087,0.14744187307625253,1.310572870793312,0.21314792667250165,0.11835215607360826,0.01710927424800449,0.7560895648179434,0.17720345036375587,0.10850754897406704,0.1846802813999638,0.15,10.0,RP
15,RP,2,1,directionality,7,8,0,0,crossing,-5.0,5.0,-5,5,10.0,10,15,O7/SF8/L0/S0,0.404,0.49069746280167376,0.596,0.49069746280167376,0.0,0.0,8.30940594059406,0.4983245627758068,0.3745539762675651,1.9000142578304962,0.6999191361666949,0.017285675308171457,0.6190992907668555,0.018337293055577273,0.6287896678720191,0.4250545299933402,0.15,10.0,RP
16,RP,2,2,directionality,7,8,0,0,passing_crossing,-5.0,5.0,-5,5,10.0,10,15,O7/SF8/L0/S0,0.71,0.45376205218153715,0.29,0.4537620521815371,0.0,0.0,8.074647887323943,0.424668324549664,0.8168526782778076,0.8214211922765187,0.44269069097221986,0.027065155255029196,0.6449576902656996,0.0802453681036513,0.3991222226992421,0.4024506863898357,0.15,10.0,RP
17,RP,2,3,directionality,7,8,0,0,random,-5.0,5.0,-5,5,10.0,10,15,O7/SF8/L0/S0,0.658,0.47437959483940706,0.342,0.47437959483940706,0.0,0.0,8.087386018237082,0.4249983085097168,0.7398058121107478,1.0126692839132168,0.45524675027563843,0.029598086869181302,0.6365670859586081,0.04717013170966497,0.4062406300135818,0.38153676577219325,0.15,10.0,RP
18,RP,2,4,directionality,7,8,0,0,circle_crossing,-5.0,5.0,-6,6,10.0,12,15,O7/SF8/L0/S0,0.026,0.15913516267626082,0.974,0.1591351626762609,0.0,0.0,9.0,1.1223258816472979,0.025480303194902004,29.643107583141802,0.5657124882015601,0.02786098332384186,0.6073846750224534,0.006724126820887925,1.064303130603074,0.6929136513254547,0.15,10.0,RP
19,RP,3,0,policy_mixture,0,15,0,0,passing_crossing,-5.0,5.0,-5,5,10.0,10,15,O0/SF15/L0/S0,0.588,0.49219508327491446,0.412,0.4921950832749145,0.0,0.0,8.321428571428571,0.5163154391000341,0.6455885705907473,1.228194165083129,0.6619591560638651,0.03702386785456195,0.6372160217581293,0.041372573301422466,0.6361238357180962,0.44184190780449667,0.15,10.0,RP
20,RP,3,1,policy_mixture,15,0,0,0,passing_crossing,-5.0,5.0,-5,5,10.0,10,15,O15/SF0/L0/S0,0.93,0.2551470164434614,0.07,0.2551470164434615,0.0,0.0,7.781182795698925,0.09037376941699192,1.004821325632779,0.29255286711319484,0.08649884548315354,0.025250632567676703,0.6341201419293954,0.05715037474504155,0.07085064935756753,0.14270683903050074,0.15,10.0,RP
21,RP,3,2,policy_mixture,7,8,0,0,passing_crossing,-5.0,5.0,-5,5,10.0,10,15,O7/SF8/L0/S0,0.64,0.48,0.36,0.48,0.0,0.0,8.09453125,0.46039361450115407,0.6974120598420085,0.9948240722219831,0.45963335115165715,0.034224238062185525,0.6411836408302591,0.06779962730209187,0.40546628958411857,0.41511805132349583,0.15,10.0,RP
22,RP,3,3,policy_mixture,5,5,2,3,passing_crossing,-5.0,5.0,-5,5,10.0,10,15,O5/SF5/L2/S3,0.622,0.48488761584515644,0.374,0.4838636171484688,0.004,0.063118935352238,8.59807073954984,2.9992007737344846,0.6874210981635579,1.0996284934929006,0.5317010676262114,0.02231942657236926,0.6399367108094904,0.0765001894201553,0.5905429284084824,0.6263185870432452,0.1,10.0,RP
23,RP,3,4,policy_mixture,4,4,4,3,passing_crossing,-5.0,5.0,-5,5,10.0,10,15,O4/SF4/L4/S3,0.632,0.48226133993924913,0.364,0.48114862568649197,0.004,0.063118935352238,8.573575949367088,2.2572680496629456,0.7056221604142779,1.0589182506922064,0.5740081017472959,0.031579077941065736,0.6383440410761075,0.06520113416587961,0.6473364741653858,0.6325004375789347,0.08,10.0,RP
0,ORCA,0,0,density,2,3,0,0,passing_crossing,-5.0,5.0,-5,5,10.0,10,5,O2/SF3/L0/S0,0.962,0.1911962342725401,0.024,0.15304901175767194,0.014,0.11749042514179613,11.461538461538462,2.99086045842742,1.7536064949826424,0.09274869786928917,0.3963914763237007,0.03849452905692993,0.9109037068096155,0.32227000129802463,0.5108584539112982,1.4548285408541348,0.05,10.0,ORCA
1,ORCA,0,1,density,5,5,0,0,passing_crossing,-5.0,5.0,-5,5,10.0,10,10,O5/SF5/L0/S0,0.864,0.3427885645700568,0.106,0.3078376195334157,0.03,0.1705872210923198,14.938078703703704,6.777448666643733,1.2261875664158097,0.37283117103922636,1.1769013943076205,0.08536255731289166,0.7334044163691097,0.15315521881495747,2.506319436987684,3.063081737718227,0.1,10.0,ORCA
2,ORCA,0,2,density,7,8,0,0,passing_crossing,-5.0,5.0,-5,5,10.0,10,15,O7/SF8/L0/S0,0.756,0.42949272403615874,0.214,0.410126809657696,0.03,0.1705872210923198,17.40806878306878,7.2737010677358835,0.9487967313355679,0.5895500374684702,1.625451661645954,0.06771806453223544,0.6703058852103766,0.07272990526766708,3.825750383437799,3.0218707604338952,0.15,10.0,ORCA
3,ORCA,0,3,density,10,10,0,0,passing_crossing,-5.0,5.0,-5,5,10.0,10,20,O10/SF10/L0/S0,0.66,0.4737087712930804,0.316,0.46491289506745237,0.024,0.15304901175767194,19.38560606060606,6.315593767231277,0.7333403694036882,0.8279700227599112,2.0672500542640555,0.06488838926394415,0.6601158403921761,0.06275600222902211,4.551272534307658,2.2706241869518746,0.2,10.0,ORCA
4,ORCA,0,4,density,12,13,0,0,passing_crossing,-5.0,5.0,-5,5,10.0,10,25,O12/SF13/L0/S0,0.604,0.48906441293555597,0.354,0.47820915925983687,0.042,0.20058913230780973,22.78228476821192,8.313397334628629,0.6774055485303757,0.9721684327944008,2.4370176512564585,0.11112469264092494,0.6403226795984839,0.046999091715657984,5.355612867547089,2.131396993800715,0.25,10.0,ORCA
5,ORCA,0,5,density,15,15,0,0,passing_crossing,-5.0,5.0,-5,5,10.0,10,30,O15/SF15/L0/S0,0.496,0.4999839997439918,0.45,0.49749371855331,0.054,0.22601769842204836,23.173387096774192,7.629373244783651,0.5490759183652599,1.417582534536543,2.493392634662422,0.0950111008776356,0.6296123839073133,0.033289275494681116,5.364778441221045,1.7760977255514583,0.3,10.0,ORCA
6,ORCA,0,6,density,17,18,0,0,passing_crossing,-5.0,5.0,-5,5,10.0,10,35,O17/SF18/L0/S0,0.378,0.48488761584515644,0.522,0.4995157655169654,0.1,0.30000000000000004,23.92063492063492,7.2878493949329775,0.45818230614035954,2.2773178751694743,2.523612760720574,0.13342957968073987,0.6203651562838673,0.022268701583712677,5.670757438922997,1.9383946847564604,0.35,10.0,ORCA
7,ORCA,1,0,geometry,1,2,0,0,passing_crossing,-0.75,0.75,-5,5,1.5,10,3,O1/SF2/L0/S0,0.448,0.49728864857344174,0.542,0.4982328772772828,0.01,0.099498743710662,18.493303571428573,6.496475677571106,0.6296880915960857,2.9176240247078145,3.0255228708460327,0.15414155676750863,0.6294813477971649,0.03184406601927281,3.866193225138199,1.7551962164945774,0.03,1.5,ORCA
8,ORCA,1,1,geometry,2,2,0,0,passing_crossing,-1.0,1.0,-5,5,2.0,10,4,O2/SF2/L0/S0,0.562,0.49614110895994096,0.438,0.49614110895994096,0.0,0.0,18.04270462633452,7.2047427895549525,0.7559541257870918,1.7051739068701222,2.2284166028938284,0.17339730412834736,0.641602635495067,0.04555199922261859,3.7632620504179646,2.8127241092440007,0.04,2.0,ORCA
9,ORCA,1,2,geometry,2,3,0,0,passing_crossing,-1.25,1.25,-5,5,2.5,10,5,O2/SF3/L0/S0,0.746,0.4352975993501458,0.252,0.43416126036301306,0.002,0.044676615807377355,17.462466487935657,5.771880976096803,0.9181370284532719,0.7454177274144602,1.8986569724754498,0.08448149501244674,0.6598842844214586,0.06106468997154139,3.9597262598553264,2.819619401585969,0.05,2.5,ORCA
10,ORCA,1,3,geometry,3,3,0,0,passing_crossing,-1.5,1.5,-5,5,3.0,10,6,O3/SF3/L0/S0,0.702,0.45737949232557423,0.294,0.4555919226676434,0.004,0.063118935352238,17.27207977207977,5.799478408064144,0.8371350740413228,0.8958584195933273,1.9014629846699924,0.06206351769350835,0.6556525682026807,0.06284561522435064,3.9059218632336843,2.542296794620974,0.06,3.0,ORCA
11,ORCA,1,4,geometry,3,4,0,0,passing_crossing,-1.75,1.75,-5,5,3.5,10,7,O3/SF4/L0/S0,0.718,0.4499733325431631,0.282,0.449973332543163,0.0,0.0,17.51044568245125,6.324753142086335,0.8580567289154372,0.8541958776367734,1.8054889509846372,0.046771442994347726,0.6662701386191676,0.06786317303484421,4.048948520413288,2.6619615890992403,0.07,3.5,ORCA
12,ORCA,1,5,geometry,4,4,0,0,passing_crossing,-2.0,2.0,-5,5,4.0,10,8,O4/SF4/L0/S0,0.714,0.45188936699152377,0.284,0.45093680266751346,0.002,0.044676615807377355,17.75140056022409,6.098715091683122,0.8165399168663309,0.8046294154786893,1.8900354478538643,0.09895591496789467,0.6594950086339116,0.06045320215023422,4.153022431479871,2.544968182243499,0.08,4.0,ORCA
13,ORCA,1,6,geometry,4,5,0,0,passing_crossing,-2.25,2.25,-5,5,4.5,10,9,O4/SF5/L0/S0,0.756,0.42949272403615874,0.236,0.42462218500685994,0.008,0.08908422980528036,18.48611111111111,6.573176730992458,0.8361717137702939,0.6154203975011723,1.915942234181658,0.07208518298031347,0.6542883468284009,0.05324385466549232,4.458686361897666,2.468251732716796,0.09,4.5,ORCA
14,ORCA,2,0,directionality,7,8,0,0,passing,-5.0,5.0,-5,5,10.0,10,15,O7/SF8/L0/S0,0.908,0.28902595039200196,0.064,0.24475293665245368,0.028,0.16497272501841023,14.08590308370044,6.928584693748702,1.261047095487586,0.17869329964212702,0.9594466018659907,0.05342972179680343,0.7981495452534915,0.17602360531674402,1.9929683321278147,3.3382743730553734,0.15,10.0,ORCA
15,ORCA,2,1,directionality,7,8,0,0,crossing,-5.0,5.0,-5,5,10.0,10,15,O7/SF8/L0/S0,0.702,0.45737949232557423,0.258,0.4375339986789598,0.04,0.19595917942265423,20.17094017094017,7.10292536133727,0.8411119283773477,0.742892637967288,2.02280674225411,0.05130770912530186,0.650656616973702,0.05270582728672323,4.802803327501813,2.2286964738291823,0.15,10.0,ORCA
16,ORCA,2,2,directionality,7,8,0,0,passing_crossing,-5.0,5.0,-5,5,10.0,10,15,O7/SF8/L0/S0,0.762,0.4258591316386206,0.218,0.4128873938497033,0.02,0.13999999999999999,17.42979002624672,7.11278365300771,0.9350042163238992,0.607935642674712,1.6617974113758402,0.08255907508410675,0.6938211397841538,0.09686163967620502,3.7463577895066242,2.9314035850730207,0.15,10.0,ORCA
17,ORCA,2,3,directionality,7,8,0,0,random,-5.0,5.0,-5,5,10.0,10,15,O7/SF8/L0/S0,0.798,0.40149221661197865,0.182,0.38584452827531457,0.02,0.13999999999999999,16.085213032581454,6.025681828305451,0.9572956521013682,0.4727845407367491,1.789939631157613,0.09768031374982464,0.6732279851782247,0.08484567476999992,3.28610633839244,2.391359588044762,0.15,10.0,ORCA
18,ORCA,2,4,directionality,7,8,0,0,circle_crossing,-5.0,5.0,-6,6,10.0,12,15,O7/SF8/L0/S0,0.726,0.44600896851969246,0.24,0.4270831300812525,0.034,0.18122913673027302,18.077134986225897,7.068235938677279,0.8933136445898978,0.6557463459225988,2.042964364956033,0.051637714515178616,0.6739324071721776,0.07125844214949764,3.8054795381404793,2.660785941068661,0.15,10.0,ORCA
19,ORCA,3,0,policy_mixture,0,15,0,0,passing_crossing,-5.0,5.0,-5,5,10.0,10,15,O0/SF15/L0/S0,0.952,0.2137662274541983,0.004,0.063118935352238,0.044,0.2050950998927083,18.451155462184875,7.895180806506467,1.2573012576377098,0.014013726525997723,1.6383009786085154,0.1177227859454627,0.7744455782906411,0.08924759646274211,4.247315808286336,3.244549635152766,0.15,10.0,ORCA
20,ORCA,3,1,policy_mixture,15,0,0,0,passing_crossing,-5.0,5.0,-5,5,10.0,10,15,O15/SF0/L0/S0,0.632,0.48226133993924913,0.34,0.4737087712930804,0.028,0.16497272501841023,17.337025316455698,6.969896119078926,0.7912657169421424,1.516281150818713,1.706879022656676,0.0885814042132438,0.6455828247442927,0.059061042704623104,3.680261361500543,2.777197810160929,0.15,10.0,ORCA
21,ORCA,3,2,policy_mixture,7,8,0,0,passing_crossing,-5.0,5.0,-5,5,10.0,10,15,O7/SF8/L0/S0,0.816,0.38748419322599476,0.164,0.37027557305336795,0.02,0.13999999999999999,17.485906862745097,6.913768846858861,1.0093925258365035,0.49686534126415993,1.7081441214163793,0.09461917542973602,0.6819942262539868,0.09640079483223912,3.873223401126383,2.9245569692653697,0.15,10.0,ORCA
22,ORCA,3,3,policy_mixture,5,5,2,3,passing_crossing,-5.0,5.0,-5,5,10.0,10,15,O5/SF5/L2/S3,0.694,0.46082968654373824,0.27,0.4439594576084623,0.036,0.18629009635512028,18.396253602305475,7.789723913247478,0.8783490848816811,0.8069875594956374,1.9769408105042465,0.15466734548127217,0.661624290993681,0.07805007956704438,3.836122898698412,2.5462770145405034,0.1,10.0,ORCA
23,ORCA,3,4,policy_mixture,4,4,4,3,passing_crossing,-5.0,5.0,-5,5,10.0,10,15,O4/SF4/L4/S3,0.646,0.47820915925983687,0.312,0.4633098315382483,0.042,0.20058913230780973,17.787151702786378,7.569094358668205,0.8535533203104622,1.036269538504082,1.9341662250413665,0.10221666562858821,0.6527678008711667,0.07690899828141234,3.7076292642064255,2.341667826610161,0.08,10.0,ORCA
0,CV,0,0,density,2,3,0,0,passing_crossing,-5.0,5.0,-5,5,10.0,10,5,O2/SF3/L0/S0,0.896,0.3052605444534226,0.104,0.3052605444534226,0.0,0.0,7.75,0.0,1.5839598022241197,0.4325934998481641,0.0,0.0,0.9093448325939798,0.33348107539993027,0.0,0.0,0.05,10.0,CV
1,CV,0,1,density,5,5,0,0,passing_crossing,-5.0,5.0,-5,5,10.0,10,10,O5/SF5/L0/S0,0.732,0.4429175995600085,0.268,0.4429175995600085,0.0,0.0,7.75,0.0,0.9852859582081097,0.8495193634082733,0.0,0.0,0.7100458128308202,0.14849672419708076,0.0,0.0,0.1,10.0,CV
2,CV,0,2,density,7,8,0,0,passing_crossing,-5.0,5.0,-5,5,10.0,10,15,O7/SF8/L0/S0,0.61,0.4877499359302879,0.39,0.4877499359302879,0.0,0.0,7.75,0.0,0.6869859635898744,1.1366757091407726,0.0,0.0,0.6689469235741755,0.08633079608314259,0.0,0.0,0.15,10.0,CV
3,CV,0,3,density,10,10,0,0,passing_crossing,-5.0,5.0,-5,5,10.0,10,20,O10/SF10/L0/S0,0.386,0.4868305660083393,0.614,0.4868305660083393,0.0,0.0,7.75,0.0,0.38078467508013497,2.186037450524197,0.0,0.0,0.6568819651096754,0.06977443176723523,0.0,0.0,0.2,10.0,CV
4,CV,0,4,density,12,13,0,0,passing_crossing,-5.0,5.0,-5,5,10.0,10,25,O12/SF13/L0/S0,0.318,0.4656994739099455,0.682,0.4656994739099455,0.0,0.0,7.75,0.0,0.31555469138632963,3.1094838622586756,0.0,0.0,0.6408310743204139,0.051349130994799964,0.0,0.0,0.25,10.0,CV
5,CV,0,5,density,15,15,0,0,passing_crossing,-5.0,5.0,-5,5,10.0,10,30,O15/SF15/L0/S0,0.228,0.41954260808647315,0.772,0.4195426080864731,0.0,0.0,7.75,0.0,0.20004731731407346,3.3583262858568412,0.0,0.0,0.626414795493282,0.029316661212243723,0.0,0.0,0.3,10.0,CV
6,CV,0,6,density,17,18,0,0,passing_crossing,-5.0,5.0,-5,5,10.0,10,35,O17/SF18/L0/S0,0.116,0.32022492095400695,0.884,0.32022492095400695,0.0,0.0,7.75,0.0,0.09181985397627519,6.307707176881036,0.0,0.0,0.6213741661569094,0.02071475895984176,0.0,0.0,0.35,10.0,CV
7,CV,1,0,geometry,1,2,0,0,passing_crossing,-0.75,0.75,-5,5,1.5,10,3,O1/SF2/L0/S0,0.0,0.0,0.0,0.0,0.0,0.0,0.0,0.0,0.0,0.0,0.0,0.0,,,,,0.03,1.5,CV
8,CV,1,1,geometry,2,2,0,0,passing_crossing,-1.0,1.0,-5,5,2.0,10,4,O2/SF2/L0/S0,0.504,0.4999839997439918,0.496,0.4999839997439918,0.0,0.0,7.75,0.0,0.592152710999065,1.954481548423506,0.0,0.0,0.6213098855574437,0.010138103948238669,0.0,0.0,0.04,2.0,CV
9,CV,1,2,geometry,2,3,0,0,passing_crossing,-1.25,1.25,-5,5,2.5,10,5,O2/SF3/L0/S0,0.514,0.49980396156893353,0.486,0.49980396156893353,0.0,0.0,7.75,0.0,0.5764422024617687,1.6615790107209103,0.0,0.0,0.6437230554816634,0.0522291829446821,0.0,0.0,0.05,2.5,CV
10,CV,1,3,geometry,3,3,0,0,passing_crossing,-1.5,1.5,-5,5,3.0,10,6,O3/SF3/L0/S0,0.584,0.4928934976239796,0.416,0.49289349762397966,0.0,0.0,7.75,0.0,0.6218370385215508,1.2910379556048848,0.0,0.0,0.6313242077069582,0.035020202943677116,0.0,0.0,0.06,3.0,CV
11,CV,1,4,geometry,3,4,0,0,passing_crossing,-1.75,1.75,-5,5,3.5,10,7,O3/SF4/L0/S0,0.536,0.4987023160162784,0.464,0.4987023160162784,0.0,0.0,7.75,0.0,0.5653308208827458,1.7219631989677568,0.0,0.0,0.6419718573137891,0.04870588535430612,0.0,0.0,0.07,3.5,CV
12,CV,1,5,geometry,4,4,0,0,passing_crossing,-2.0,2.0,-5,5,4.0,10,8,O4/SF4/L0/S0,0.572,0.494788843851597,0.428,0.494788843851597,0.0,0.0,7.75,0.0,0.5840749154168351,1.2055670958380964,0.0,0.0,0.6402402953343267,0.05526595576518302,0.0,0.0,0.08,4.0,CV
13,CV,1,6,geometry,4,5,0,0,passing_crossing,-2.25,2.25,-5,5,4.5,10,9,O4/SF5/L0/S0,0.506,0.4999639987039067,0.494,0.4999639987039067,0.0,0.0,7.75,0.0,0.5191391710288753,1.5939512133144862,0.0,0.0,0.6393012935021442,0.04363096561367849,0.0,0.0,0.09,4.5,CV
14,CV,2,0,directionality,7,8,0,0,passing,-5.0,5.0,-5,5,10.0,10,15,O7/SF8/L0/S0,0.84,0.36660605559646725,0.16,0.3666060555964672,0.0,0.0,7.75,0.0,1.147806282060557,0.9886435595257883,0.0,0.0,0.8106417296621188,0.17985442578583333,0.0,0.0,0.15,10.0,CV
15,CV,2,1,directionality,7,8,0,0,crossing,-5.0,5.0,-5,5,10.0,10,15,O7/SF8/L0/S0,0.4,0.4898979485566356,0.6,0.4898979485566356,0.0,0.0,7.75,0.0,0.4189857922973098,2.2579675669737984,0.0,0.0,0.6397188987147863,0.04314307836451378,0.0,0.0,0.15,10.0,CV
16,CV,2,2,directionality,7,8,0,0,passing_crossing,-5.0,5.0,-5,5,10.0,10,15,O7/SF8/L0/S0,0.596,0.49069746280167376,0.404,0.49069746280167376,0.0,0.0,7.75,0.0,0.677743341622202,1.2009070099421435,0.0,0.0,0.687543140489399,0.10097902106484243,0.0,0.0,0.15,10.0,CV
17,CV,2,3,directionality,7,8,0,0,random,-5.0,5.0,-5,5,10.0,10,15,O7/SF8/L0/S0,0.61,0.4877499359302879,0.39,0.4877499359302879,0.0,0.0,7.75,0.0,0.6953487125373963,1.1906560565170243,0.0,0.0,0.6748647300796339,0.09435781563581047,0.0,0.0,0.15,10.0,CV
18,CV,2,4,directionality,7,8,0,0,circle_crossing,-5.0,5.0,-6,6,10.0,12,15,O7/SF8/L0/S0,0.632,0.48226133993924913,0.368,0.48226133993924913,0.0,0.0,7.75,0.0,0.7615598527693558,1.1051289385448457,0.0,0.0,0.7020315936136008,0.08097870715003526,0.0,0.0,0.15,10.0,CV
19,CV,3,0,policy_mixture,0,15,0,0,passing_crossing,-5.0,5.0,-5,5,10.0,10,15,O0/SF15/L0/S0,0.55,0.49749371855331,0.45,0.49749371855331,0.0,0.0,7.75,0.0,0.6507691863280566,1.5262658865842118,0.0,0.0,0.759320504173667,0.1012119272545734,0.0,0.0,0.15,10.0,CV
20,CV,3,1,policy_mixture,15,0,0,0,passing_crossing,-5.0,5.0,-5,5,10.0,10,15,O15/SF0/L0/S0,0.73,0.4439594576084623,0.27,0.4439594576084623,0.0,0.0,7.75,0.0,0.8070239176945574,1.0768027292489177,0.0,0.0,0.6368870591428822,0.06373528568157903,0.0,0.0,0.15,10.0,CV
21,CV,3,2,policy_mixture,7,8,0,0,passing_crossing,-5.0,5.0,-5,5,10.0,10,15,O7/SF8/L0/S0,0.598,0.49030194778320024,0.402,0.49030194778320024,0.0,0.0,7.75,0.0,0.671653010652081,1.2057623359281435,0.0,0.0,0.6677731581288443,0.0875284761121846,0.0,0.0,0.15,10.0,CV
22,CV,3,3,policy_mixture,5,5,2,3,passing_crossing,-5.0,5.0,-5,5,10.0,10,15,O5/SF5/L2/S3,0.31,0.46249324319388707,0.69,0.4624932431938871,0.0,0.0,7.75,0.0,0.34313284228222557,2.8638523475377267,0.0,0.0,0.6659174804803406,0.08044611998739304,0.0,0.0,0.1,10.0,CV
23,CV,3,4,policy_mixture,4,4,4,3,passing_crossing,-5.0,5.0,-5,5,10.0,10,15,O4/SF4/L4/S3,0.208,0.4058768286069063,0.792,0.40587682860690627,0.0,0.0,7.75,0.0,0.247198079711576,5.216708986617293,0.0,0.0,0.6853586114401311,0.09989997957264604,0.0,0.0,0.08,10.0,CV
0,SFM,0,0,density,2,3,0,0,passing_crossing,-5.0,5.0,-5,5,10.0,10,5,O2/SF3/L0/S0,1.0,0.0,0.0,0.0,0.0,0.0,19.0915,3.60010454709304,1.8482166152343615,0.028753141840743124,0.11649804553255647,0.004991420326510447,1.086771971429732,0.20438642586688116,2.3243664802498625,1.8396279654001857,0.05,10.0,SFM
1,SFM,0,1,density,5,5,0,0,passing_crossing,-5.0,5.0,-5,5,10.0,10,10,O5/SF5/L0/S0,0.992,0.08908422980528038,0.006,0.0772269383052313,0.002,0.044676615807377355,23.049899193548388,5.723854036412934,1.4661246254342386,0.027245591063738122,0.17739992567347124,0.003043108609887154,0.9537999503928056,0.11898180756750858,4.387430761888188,2.3959155499182905,0.1,10.0,SFM
2,SFM,0,2,density,7,8,0,0,passing_crossing,-5.0,5.0,-5,5,10.0,10,15,O7/SF8/L0/S0,0.954,0.20948508300115318,0.008,0.08908422980528036,0.038,0.19119623427254,27.43238993710692,7.374368050311173,1.2982152478653213,0.04726393791466681,0.21190630046450445,0.005299169730111219,0.8815271415548349,0.09731446136558491,6.3084425745646815,2.6994518120985336,0.15,10.0,SFM
3,SFM,0,3,density,10,10,0,0,passing_crossing,-5.0,5.0,-5,5,10.0,10,20,O10/SF10/L0/S0,0.89,0.3128897569432403,0.008,0.08908422980528036,0.102,0.3026483107502832,31.457865168539325,7.946046642214443,1.208021859933383,0.022008009560004003,0.23382601637544284,0.004219075559540821,0.845520158468711,0.09279709665652087,7.728544333943772,2.608941433978399,0.2,10.0,SFM
4,SFM,0,4,density,12,13,0,0,passing_crossing,-5.0,5.0,-5,5,10.0,10,25,O12/SF13/L0/S0,0.754,0.4306785344082057,0.026,0.15913516267626082,0.22,0.4142463035441596,34.5789124668435,8.15112803280577,1.1253072521712486,0.0815502407110637,0.25274418850682145,0.003029597260662753,0.8024704626287487,0.08936207354291265,8.812065546008174,2.6194306488431733,0.25,10.0,SFM
5,SFM,0,5,density,15,15,0,0,passing_crossing,-5.0,5.0,-5,5,10.0,10,30,O15/SF15/L0/S0,0.562,0.49614110895994096,0.038,0.19119623427254,0.4,0.4898979485566356,36.68238434163701,7.466256309750324,1.0547510133597517,0.16883199476527458,0.26721985583250296,0.005014332537951299,0.7807518123636569,0.08488162384546709,9.551026954972071,2.4412881079140356,0.3,10.0,SFM
6,SFM,0,6,density,17,18,0,0,passing_crossing,-5.0,5.0,-5,5,10.0,10,35,O17/SF18/L0/S0,0.404,0.49069746280167376,0.07,0.2551470164434615,0.526,0.49932354240512233,38.26485148514851,6.93144665280745,0.9257121625521088,0.35918050889869346,0.2781990094036324,0.006985793565293295,0.7507776462431744,0.07908254445005025,10.15048370945833,2.0603465923368045,0.35,10.0,SFM
7,SFM,1,0,geometry,1,2,0,0,passing_crossing,-0.75,0.75,-5,5,1.5,10,3,O1/SF2/L0/S0,0.822,0.3825127448857097,0.012,0.10888526071052959,0.166,0.3720806364217305,29.45985401459854,7.734408630550435,1.3351940733073935,0.039312818760847135,0.18421381468407547,0.005126409842405776,0.6929268588690147,0.08206551634747183,8.586630847117412,3.429340930393671,0.03,1.5,SFM
8,SFM,1,1,geometry,2,2,0,0,passing_crossing,-1.0,1.0,-5,5,2.0,10,4,O2/SF2/L0/S0,0.826,0.3791094828674166,0.022,0.14668333238647122,0.152,0.35902089075707,29.22457627118644,8.212832935135959,1.274832981123579,0.07677649724610854,0.1870445659104163,0.0014507051061538876,0.7212510726551028,0.11210575966512965,8.038887956599549,3.4692901069719873,0.04,2.0,SFM
9,SFM,1,2,geometry,2,3,0,0,passing_crossing,-1.25,1.25,-5,5,2.5,10,5,O2/SF3/L0/S0,0.834,0.3720806364217305,0.02,0.13999999999999999,0.146,0.35310621631458144,29.90347721822542,7.718177873276423,1.2484520248486721,0.056823182372121674,0.18252855995292222,0.003346467146932792,0.7963380481912229,0.13081751791139043,8.421647860512337,3.5799380397995586,0.05,2.5,SFM
10,SFM,1,3,geometry,3,3,0,0,passing_crossing,-1.5,1.5,-5,5,3.0,10,6,O3/SF3/L0/S0,0.856,0.35108973211986705,0.032,0.176,0.112,0.31536645351083237,29.24591121495327,7.937777200197018,1.2400544079507276,0.10721852842587756,0.2036367289260253,0.002990760647843721,0.8087419849610876,0.12286627945996367,7.93773555198155,3.3775755999635186,0.06,3.0,SFM
11,SFM,1,4,geometry,3,4,0,0,passing_crossing,-1.75,1.75,-5,5,3.5,10,7,O3/SF4/L0/S0,0.904,0.29459124223235145,0.016,0.125475097130865,0.08,0.2712931993250107,28.95907079646018,7.3705821940972625,1.2674051034764298,0.04607608281739543,0.2003693766029056,0.00556750529855067,0.8493714328108154,0.1166333996333047,7.491653968310392,2.9976429087448793,0.07,3.5,SFM
12,SFM,1,5,geometry,4,4,0,0,passing_crossing,-2.0,2.0,-5,5,4.0,10,8,O4/SF4/L0/S0,0.928,0.25848791074245614,0.012,0.10888526071052959,0.06,0.23748684174075832,29.760237068965516,7.634817573685277,1.2581811090777353,0.03806040743507677,0.2136657867280699,0.004176005388955832,0.8432056861257042,0.10330683725138881,7.746384668255744,2.961670715310247,0.08,4.0,SFM
13,SFM,1,6,geometry,4,5,0,0,passing_crossing,-2.25,2.25,-5,5,4.5,10,9,O4/SF5/L0/S0,0.93,0.2551470164434614,0.006,0.0772269383052313,0.064,0.24475293665245368,29.699462365591398,7.476423497441798,1.2700669058598628,0.020389831840468563,0.20773370338401123,0.003354310078182081,0.8672608409204828,0.10467608379555951,7.501565654656068,2.873702380889133,0.09,4.5,SFM
14,SFM,2,0,directionality,7,8,0,0,passing,-5.0,5.0,-5,5,10.0,10,15,O7/SF8/L0/S0,0.992,0.08908422980528038,0.0,0.0,0.008,0.08908422980528036,23.323084677419356,6.619164072984427,1.4725613287086277,0.015418706041775362,0.16125529153389995,0.006224786546716193,0.9679763818791804,0.1244082626977328,4.341384453782636,2.7837325036666307,0.15,10.0,SFM
15,SFM,2,1,directionality,7,8,0,0,crossing,-5.0,5.0,-5,5,10.0,10,15,O7/SF8/L0/S0,0.926,0.26177089219391825,0.008,0.08908422980528036,0.066,0.24828209762284512,31.103671706263498,7.770815946286264,1.2275320470525743,0.03833986322657718,0.223486645349202,0.005663429444690197,0.8545276356589812,0.09473903856812319,7.682171643064388,2.605030588959288,0.15,10.0,SFM
16,SFM,2,2,directionality,7,8,0,0,passing_crossing,-5.0,5.0,-5,5,10.0,10,15,O7/SF8/L0/S0,0.966,0.1812291367302731,0.004,0.063118935352238,0.03,0.1705872210923198,27.317805383022776,6.942322550027854,1.3080668158175555,0.011121573088206443,0.20882722103340887,0.0036286497272265904,0.8984426652929068,0.10315018845946392,6.252333729720493,2.6833849765206432,0.15,10.0,SFM
17,SFM,2,3,directionality,7,8,0,0,random,-5.0,5.0,-5,5,10.0,10,15,O7/SF8/L0/S0,0.966,0.1812291367302731,0.002,0.044676615807377355,0.032,0.176,27.532608695652176,7.1499466347663905,1.2766103636758017,0.007389806610365822,0.2155350771631162,0.00221365383636054,0.8838352343101193,0.09788766511373381,6.373148177160985,2.6367023184706895,0.15,10.0,SFM
18,SFM,2,4,directionality,7,8,0,0,circle_crossing,-5.0,5.0,-6,6,10.0,12,15,O7/SF8/L0/S0,0.888,0.31536645351083237,0.02,0.13999999999999999,0.092,0.289025950392002,32.63513513513514,6.912034467306569,1.200336052746271,0.05653467356012116,0.2070942535398919,0.002871682029132606,0.8437365263952596,0.10099089510688854,8.273649035351633,2.261684241003873,0.15,10.0,SFM
19,SFM,3,0,policy_mixture,0,15,0,0,passing_crossing,-5.0,5.0,-5,5,10.0,10,15,O0/SF15/L0/S0,0.984,0.12547509713086505,0.0,0.0,0.016,0.125475097130865,27.742886178861788,6.903990995791603,1.3170834139674552,0.007443387429501328,0.1386861516595795,0.0028809529876564137,1.0165939324378044,0.06717590030538764,6.2347940454383455,3.2603498006379965,0.15,10.0,SFM
20,SFM,3,1,policy_mixture,15,0,0,0,passing_crossing,-5.0,5.0,-5,5,10.0,10,15,O15/SF0/L0/S0,0.9,0.3,0.038,0.19119623427254,0.062,0.2411555514600483,28.398333333333333,8.378465949484228,1.2476859511848548,0.10479874039626218,0.24748857976890104,0.003439582450419487,0.8305980085947946,0.11787247286650121,6.414716929435453,2.5663475164024216,0.15,10.0,SFM
21,SFM,3,2,policy_mixture,7,8,0,0,passing_crossing,-5.0,5.0,-5,5,10.0,10,15,O7/SF8/L0/S0,0.954,0.20948508300115318,0.002,0.044676615807377355,0.044,0.2050950998927083,27.389412997903563,7.494229651013977,1.2908449029737168,0.01452854221944854,0.21128643778253942,0.00296547820370739,0.8803826827355595,0.10816675791784613,6.236466963438924,2.7465510983050105,0.15,10.0,SFM
22,SFM,3,3,policy_mixture,5,5,2,3,passing_crossing,-5.0,5.0,-5,5,10.0,10,15,O5/SF5/L2/S3,0.656,0.4750410508577127,0.282,0.449973332543163,0.062,0.2411555514600483,27.122713414634145,8.01373121986321,0.9004065738360284,1.0209984337967022,0.23764448831104096,0.007738492947125919,0.8364532036418969,0.12836071834626447,6.0491010542434385,2.855775193378121,0.1,10.0,SFM
23,SFM,3,4,policy_mixture,4,4,4,3,passing_crossing,-5.0,5.0,-5,5,10.0,10,15,O4/SF4/L4/S3,0.486,0.49980396156893353,0.448,0.49728864857344174,0.066,0.24828209762284512,26.237654320987655,6.881070223417334,0.6786757977278908,1.9729987598976486,0.2907394766027289,0.010403907507256427,0.7905191313198793,0.1237931793841964,5.707809389187511,2.3305318916596076,0.08,10.0,SFM
